customer_id,timestamp,action,device,ip_address,location,browser_details,session_duration,page_views
808,2023-09-13T15:49:34,Profile Update,Tablet,184.85.142.170,"East Justinport, North Carolina, Cameroon",Chrome 113.0.5678.0,915,1
998,2020-06-15T05:18:29,Login,Tablet,80.253.85.72,"East Tracy, Hawaii, Gibraltar",Firefox 110.0,878,2
824,2023-10-10T13:49:00,Profile Update,Tablet,134.51.118.62,"West Nicholas, Mississippi, Ghana",Edge 113.0,1126,3
768,2020-08-02T06:09:34,Early Repayment,Mobile,38.7.152.27,"East Melindastad, Colorado, San Marino",Chrome 113.0.5678.0,818,2
265,2020-02-11T20:00:47,Early Repayment,Tablet,46.137.155.114,"North Jordanshire, Alaska, Egypt",Edge 113.0,1096,4
